cluster,n,fraction
0,15,0.02830188679245283
1,157,0.2962264150943396
2,172,0.32452830188679244
3,19,0.035849056603773584
4,167,0.3150943396226415
