cluster,n,fraction
0,15,0.02830188679245283
1,150,0.2830188679245283
2,172,0.32452830188679244
3,19,0.035849056603773584
4,164,0.30943396226415093
5,10,0.018867924528301886
