cluster,n,fraction
0,131,0.24716981132075472
1,71,0.1339622641509434
2,138,0.26037735849056604
3,124,0.2339622641509434
4,66,0.12452830188679245
