cluster,n,fraction
0,133,0.2509433962264151
1,109,0.20566037735849058
2,107,0.2018867924528302
3,70,0.1320754716981132
4,69,0.13018867924528302
5,42,0.07924528301886792
